case,particles,method,threshold,time_s,vertices,faces,vol_err_pct,area,surf_to_part_median
block_small,343,ours,,0.001,1152,2300,-0.0619,2.5102,0.067
block_small,343,splashsurf,t0.2,0.004,1446,2888,+39.9403,3.3343,0.11
block_small,343,splashsurf,t0.3125,0.002,1350,2696,+26.2784,3.1149,0.097
block_small,343,splashsurf,t0.4,0.002,1326,2648,+16.8965,2.9699,0.088
block_small,343,splashsurf,t0.5,0.001,1326,2648,+6.8132,2.8155,0.078
block_small,343,splashsurf,t0.6,0.001,1542,3080,-2.8686,2.6669,0.07
block_noboundary,343,ours,,0.001,1152,2300,-0.0619,2.5102,0.067
block_noboundary,343,splashsurf,t0.2,0.001,1446,2888,+39.9403,3.3343,0.11
block_noboundary,343,splashsurf,t0.3125,0.002,1350,2696,+26.2784,3.1149,0.097
block_noboundary,343,splashsurf,t0.4,0.001,1326,2648,+16.8965,2.9699,0.088
block_noboundary,343,splashsurf,t0.5,0.002,1326,2648,+6.8132,2.8155,0.078
block_noboundary,343,splashsurf,t0.6,0.001,1542,3080,-2.8686,2.6669,0.07
block_boundaries,343,ours,,0.001,1512,3016,-0.0802,3.0822,0.066
sparse,344,ours,,0.002,1634,3260,-0.0004,2.5597,0.062
sparse,344,splashsurf,t0.2,0.001,1524,3040,+40.9122,3.4742,0.11
sparse,344,splashsurf,t0.3125,0.002,1404,2800,+26.7664,3.2169,0.097
sparse,344,splashsurf,t0.4,0.002,1380,2752,+17.1375,3.0489,0.088
sparse,344,splashsurf,t0.5,0.001,1380,2752,+6.8405,2.8713,0.078
sparse,344,splashsurf,t0.6,0.001,1572,3136,-2.9750,2.7046,0.07
wave_tank,1120850,ours,,0.188,463290,926576,+0.0647,5.0952,0.0038
wave_tank,1120850,splashsurf,t0.2,0.457,468528,937052,+4.7656,5.2596,0.0075
wave_tank,1120850,splashsurf,t0.3125,0.445,467252,934500,+3.3470,5.2394,0.0067
wave_tank,1120850,splashsurf,t0.4,0.433,466992,933980,+2.2917,5.2228,0.0061
wave_tank,1120850,splashsurf,t0.5,0.409,466992,933980,+1.0969,5.2059,0.0054
wave_tank,1120850,splashsurf,t0.6,0.411,519076,1038148,-0.1020,5.1898,0.0048
wave_tank_choppy,1118965,ours,,0.289,560756,1121508,+0.0921,5.6560,0.0038
wave_tank_choppy,1118965,splashsurf,t0.2,0.468,567758,1135512,+5.5347,5.8243,0.0075
wave_tank_choppy,1118965,splashsurf,t0.3125,0.471,596832,1193660,+3.8329,5.8046,0.0067
wave_tank_choppy,1118965,splashsurf,t0.4,0.467,565878,1131752,+2.6564,5.7841,0.0061
wave_tank_choppy,1118965,splashsurf,t0.5,0.466,565868,1131732,+1.3490,5.7644,0.0054
wave_tank_choppy,1118965,splashsurf,t0.6,0.445,581820,1163636,+0.0395,5.7456,0.0048
wave_tank_10M,10012810,ours,,1.301,1999857,3999710,-0.0290,5.1196,0.002
wave_tank_10M,10012810,splashsurf,t0.2,3.917,2014418,4028832,+2.3081,5.2380,0.0036
wave_tank_10M,10012810,splashsurf,t0.3125,4.089,2010758,4021512,+1.6250,5.2297,0.0032
wave_tank_10M,10012810,splashsurf,t0.4,3.660,2010264,4020524,+1.1142,5.2213,0.0029
wave_tank_10M,10012810,splashsurf,t0.5,3.489,2010254,4020504,+0.5350,5.2132,0.0026
wave_tank_10M,10012810,splashsurf,t0.6,3.660,2211350,4422696,-0.0473,5.2059,0.0023
wave_tank_choppy_10M,10017944,ours,,2.440,2432922,4865840,+0.0450,5.7057,0.0018
wave_tank_choppy_10M,10017944,splashsurf,t0.2,4.089,2447410,4894816,+2.6803,5.8121,0.0036
wave_tank_choppy_10M,10017944,splashsurf,t0.3125,4.195,2581164,5162324,+1.8596,5.8056,0.0032
wave_tank_choppy_10M,10017944,splashsurf,t0.4,3.782,2443668,4887332,+1.2906,5.7940,0.0029
wave_tank_choppy_10M,10017944,splashsurf,t0.5,3.592,2443658,4887312,+0.6568,5.7840,0.0026
wave_tank_choppy_10M,10017944,splashsurf,t0.6,3.851,2490390,4980776,+0.0208,5.7747,0.0023
